roll_number,voted_at
BSAI24017,2026-09-30T09:00:00+05:00
BSAI24018,2026-09-30T09:01:00+05:00
BSAI24023,2026-09-30T09:02:00+05:00
BSCS24127,2026-09-30T09:03:00+05:00
AI24073,2026-09-30T09:04:00+05:00
AI24062,2026-09-30T09:05:00+05:00
AI24029,2026-09-30T09:06:00+05:00
BSCE26029,2026-09-30T09:07:00+05:00
BSCS24011,2026-09-30T09:08:00+05:00
BSCS24133,2026-09-30T09:09:00+05:00
BSCS24135,2026-09-30T09:10:00+05:00
BSAI26036,2026-09-30T09:11:00+05:00
BSAI26030,2026-09-30T09:12:00+05:00
BSCS24052,2026-09-30T09:13:00+05:00
BSCS24093,2026-09-30T09:14:00+05:00
BSCS24143,2026-09-30T09:15:00+05:00
BSCS24131,2026-09-30T09:16:00+05:00
BSCS24045,2026-09-30T09:17:00+05:00
BSCS24147,2026-09-30T09:18:00+05:00
BSSE26048,2026-09-30T09:19:00+05:00
BSAI26040,2026-09-30T09:20:00+05:00
BSSE26010,2026-09-30T09:21:00+05:00
BSAI24042,2026-09-30T09:22:00+05:00
BSSE26043,2026-09-30T09:23:00+05:00
BSCS24047,2026-09-30T09:24:00+05:00
BSAI26029,2026-09-30T09:25:00+05:00
BSCS24119,2026-09-30T09:26:00+05:00
BSCS25083,2026-09-30T09:27:00+05:00
BSAI25056,2026-09-30T09:28:00+05:00
BSCS24112,2026-09-30T09:29:00+05:00
BSCS24031,2026-09-30T09:30:00+05:00
BSCS24103,2026-09-30T09:31:00+05:00
BSCS23122,2026-09-30T09:32:00+05:00
BSCS24155,2026-09-30T09:33:00+05:00
BSCS23077,2026-09-30T09:34:00+05:00
BSCS24075,2026-09-30T09:35:00+05:00
BSCS24009,2026-09-30T09:36:00+05:00
BSAI24019,2026-09-30T09:37:00+05:00
BSAI24043,2026-09-30T09:38:00+05:00
BSCS24115,2026-09-30T09:39:00+05:00
BSCS23155,2026-09-30T09:40:00+05:00
BSAI24061,2026-09-30T09:41:00+05:00
BSCS24137,2026-09-30T09:42:00+05:00
BSCS23198,2026-09-30T09:43:00+05:00
BSCS23158,2026-09-30T09:44:00+05:00
BSCS23213,2026-09-30T09:45:00+05:00
BSCS23053,2026-09-30T09:46:00+05:00
BSCS28128,2026-09-30T09:47:00+05:00
BSCS23149,2026-09-30T09:48:00+05:00
BSCS23168,2026-09-30T09:49:00+05:00
BSAI24075,2026-09-30T09:50:00+05:00
BSCS24149,2026-09-30T09:51:00+05:00
BSCS24151,2026-09-30T09:52:00+05:00
BSCS24134,2026-09-30T09:53:00+05:00
BSCS24101,2026-09-30T09:54:00+05:00
BSSE24047,2026-09-30T09:55:00+05:00
BSSE23088,2026-09-30T09:56:00+05:00
BSCS23209,2026-09-30T09:57:00+05:00
BSCS23013,2026-09-30T09:58:00+05:00
BSAI24015,2026-09-30T09:59:00+05:00
BSAI25072,2026-09-30T10:00:00+05:00
BSCS24063,2026-09-30T10:01:00+05:00
BSCS23076,2026-09-30T10:02:00+05:00
BSCS24060,2026-09-30T10:03:00+05:00
BSSE26009,2026-09-30T10:04:00+05:00
BSSE26016,2026-09-30T10:05:00+05:00
BSCS24139,2026-09-30T10:06:00+05:00
BSCS24073,2026-09-30T10:07:00+05:00
BSCS23134,2026-09-30T10:08:00+05:00
BSCS24136,2026-09-30T10:09:00+05:00
BSCS24083,2026-09-30T10:10:00+05:00
BSEE26040,2026-09-30T10:11:00+05:00
BSCS24029,2026-09-30T10:12:00+05:00
BSEE26100,2026-09-30T10:13:00+05:00
BSEE26034,2026-09-30T10:14:00+05:00
BSCE25030,2026-09-30T10:15:00+05:00
BSSE24009,2026-09-30T10:16:00+05:00
BSCE25034,2026-09-30T10:17:00+05:00
BSEE24070,2026-09-30T10:18:00+05:00
BSCS23031,2026-09-30T10:19:00+05:00
BSCS23037,2026-09-30T10:20:00+05:00
BSEE24027,2026-09-30T10:21:00+05:00
BSEE24062,2026-09-30T10:22:00+05:00
BSMT23089,2026-09-30T10:23:00+05:00
BSEE24013,2026-09-30T10:24:00+05:00
BSCS24049,2026-09-30T10:25:00+05:00
MSDS25007,2026-09-30T10:26:00+05:00
BSCS24154,2026-09-30T10:27:00+05:00
MSDS25038,2026-09-30T10:28:00+05:00
BSCS24121,2026-09-30T10:29:00+05:00
BSCS23142,2026-09-30T10:30:00+05:00
BSCS24001,2026-09-30T10:31:00+05:00
BSCS23127,2026-09-30T10:32:00+05:00
BSAI26044,2026-09-30T10:33:00+05:00
BSCS23074,2026-09-30T10:34:00+05:00
BSAI26063,2026-09-30T10:35:00+05:00
BSAI26051,2026-09-30T10:36:00+05:00
BSAI26010,2026-09-30T10:37:00+05:00
BSCS26002,2026-09-30T10:38:00+05:00
BSAI26008,2026-09-30T10:39:00+05:00
BSAI26021,2026-09-30T10:40:00+05:00
BSCS26086,2026-09-30T10:41:00+05:00
BSAI26020,2026-09-30T10:42:00+05:00
BSAI25069,2026-09-30T10:43:00+05:00
BSCS26058,2026-09-30T10:44:00+05:00
BSCS24113,2026-09-30T10:45:00+05:00
BSCS24089,2026-09-30T10:46:00+05:00
BSAI24048,2026-09-30T10:47:00+05:00
BSCS26010,2026-09-30T10:48:00+05:00
BSAI26004,2026-09-30T10:49:00+05:00
BSCS24144,2026-09-30T10:50:00+05:00
BSAI24030,2026-09-30T10:51:00+05:00
BSCS26090,2026-09-30T10:52:00+05:00
BSAI24011,2026-09-30T10:53:00+05:00
BSCS26066,2026-09-30T10:54:00+05:00
BSCS26107,2026-09-30T10:55:00+05:00
BSCS26048,2026-09-30T10:56:00+05:00
BSAI24069,2026-09-30T10:57:00+05:00
BSSE24002,2026-09-30T10:58:00+05:00
BSSE24071,2026-09-30T10:59:00+05:00
BSMT26022,2026-09-30T11:00:00+05:00
BSAI24013,2026-09-30T11:01:00+05:00
BSAI26057,2026-09-30T11:02:00+05:00
BSCS26036,2026-09-30T11:03:00+05:00
BSAI26026,2026-09-30T11:04:00+05:00
BSCS26061,2026-09-30T11:05:00+05:00
BSAI26049,2026-09-30T11:06:00+05:00
BSAI26047,2026-09-30T11:07:00+05:00
BSCS26008,2026-09-30T11:08:00+05:00
BSCS26030,2026-09-30T11:09:00+05:00
BSCS26054,2026-09-30T11:10:00+05:00
BSCS26046,2026-09-30T11:11:00+05:00
BSCS24038,2026-09-30T11:12:00+05:00
BSCS24128,2026-09-30T11:13:00+05:00
BSCS24017,2026-09-30T11:14:00+05:00
BSCS26060,2026-09-30T11:15:00+05:00
BSCS26120,2026-09-30T11:16:00+05:00
BSCS26080,2026-09-30T11:17:00+05:00
BSCS26056,2026-09-30T11:18:00+05:00
BSCS26068,2026-09-30T11:19:00+05:00
BSAI26033,2026-09-30T11:20:00+05:00
BSAI26035,2026-09-30T11:21:00+05:00
BSCS26053,2026-09-30T11:22:00+05:00
BSCS26069,2026-09-30T11:23:00+05:00
BSAI26042,2026-09-30T11:24:00+05:00
BSCS26044,2026-09-30T11:25:00+05:00
BSMT26016,2026-09-30T11:26:00+05:00
BSCS26047,2026-09-30T11:27:00+05:00
BSCS26016,2026-09-30T11:28:00+05:00
BSCS26071,2026-09-30T11:29:00+05:00
BSCS26103,2026-09-30T11:30:00+05:00
BSCS26078,2026-09-30T11:31:00+05:00
BSCS25035,2026-09-30T11:32:00+05:00
BSAI23064,2026-09-30T11:33:00+05:00
BSAI23005,2026-09-30T11:34:00+05:00
BSAI24052,2026-09-30T11:35:00+05:00
BSAI24032,2026-09-30T11:36:00+05:00
BSAI23016,2026-09-30T11:37:00+05:00
BSCS24041,2026-09-30T11:38:00+05:00
BSCS23129,2026-09-30T11:39:00+05:00
BSCS26022,2026-09-30T11:40:00+05:00
BSCS26102,2026-09-30T11:41:00+05:00
MSCS24052,2026-09-30T11:42:00+05:00
MSCS24037,2026-09-30T11:43:00+05:00
MSDS25022,2026-09-30T11:44:00+05:00
MSDS26034,2026-09-30T11:45:00+05:00
MSDS26019,2026-09-30T11:46:00+05:00
BSEE23053,2026-09-30T11:47:00+05:00
BSEE23004,2026-09-30T11:48:00+05:00
BSCE23047,2026-09-30T11:49:00+05:00
BSMT23028,2026-09-30T11:50:00+05:00
BSMT24043,2026-09-30T11:51:00+05:00
BSCS23086,2026-09-30T11:52:00+05:00
